Currency,Avg_Amount,Avg_Fee
ETH,7.523681772332481,0.00025616828882136724
BTC,7.51448711264325,0.0005087128605730756
