Mining_Pool,Currency,Total_Amount,Num_Transactions
Antpool,BTC,37536.6367598099,5016
BTC.TOP,BTC,37118.185669049904,4936
Ethermine,BTC,37857.28701202995,4993
Ethermine,ETH,188182.32848958002,25012
Poolin,BTC,37835.74467430007,5039
"Slush Pool",BTC,37424.149855539865,5004
