Mining_Pool,Total_Amount,Num_Transactions
Ethermine,226039.6155016112,30005
BTC.TOP,37118.185669049904,4936
Poolin,37835.74467430007,5039
Antpool,37536.6367598099,5016
"Slush Pool",37424.149855539865,5004
