Month,Num_Transactions,Total_Amount
2025-03,20746,155709.22665223925
2025-04,21565,162217.35012823035
2025-05,7689,58027.75567983994
