Currency,Total_Amount
ETH,188182.32848958002
BTC,187772.00397072954
