Currency,Total_Fee
ETH,6.407281240000037
BTC,12.711716960000015
